{
    "title": "40_dif_cfl_conserving_polynomial_local_cfl",
    "dim": 2,
    "res": [
        75,
        75,
        75
    ],
    "maxCfl": 40,
    "max_time": 120,
    "dt": 10,
    "frame_data": {
        "0000": {
            "cfl": 0.599371337928094,
            "dt": 1.9999998807907104,
            "density": {
                "cells": 5625,
                "sum": 138.0,
                "min": 0.0,
                "max": 1.0,
                "mean": 0.024533,
                "std": 0.154698,
                "fluidCells": 4825,
                "sumFluid": 138.0,
                "minFluid": 0.0,
                "maxFluid": 1.0,
                "meanFluid": 0.028601,
                "stdFluid": 0.166682
            },
            "fixed_volume": {
                "cells": 5625,
                "sum": 138.0,
                "min": 0.0,
                "max": 1.0,
                "mean": 0.024533,
                "std": 0.154698,
                "fluidCells": 4825,
                "sumFluid": 138.0,
                "minFluid": 0.0,
                "maxFluid": 1.0,
                "meanFluid": 0.028601,
                "stdFluid": 0.166682
            },
            "vel_magnitude": {
                "cells": 5625,
                "sum": 92.40726,
                "min": 0.0,
                "max": 0.299686,
                "mean": 0.016428,
                "std": 0.035429,
                "fluidCells": 4825,
                "sumFluid": 92.40726,
                "minFluid": 1.3e-05,
                "maxFluid": 0.299686,
                "meanFluid": 0.019152,
                "stdFluid": 0.037565
            }
        },
        "0001": {
            "cfl": 8.443430727616487,
            "dt": 8.000100135803223,
            "density": {
                "cells": 5625,
                "sum": 138.000001,
                "min": 0.0,
                "max": 1.0,
                "mean": 0.024533,
                "std": 0.147886,
                "fluidCells": 4825,
                "sumFluid": 138.000001,
                "minFluid": 0.0,
                "maxFluid": 1.0,
                "meanFluid": 0.028601,
                "stdFluid": 0.159312
            },
            "fixed_volume": {
                "cells": 5625,
                "sum": 138.000001,
                "min": 0.0,
                "max": 1.0,
                "mean": 0.024533,
                "std": 0.147886,
                "fluidCells": 4825,
                "sumFluid": 138.000001,
                "minFluid": 0.0,
                "maxFluid": 1.0,
                "meanFluid": 0.028601,
                "stdFluid": 0.159312
            },
            "vel_magnitude": {
                "cells": 5625,
                "sum": 461.819884,
                "min": 0.0,
                "max": 1.055416,
                "mean": 0.082101,
                "std": 0.15839,
                "fluidCells": 4825,
                "sumFluid": 461.819884,
                "minFluid": 7.5e-05,
                "maxFluid": 1.055416,
                "meanFluid": 0.095714,
                "stdFluid": 0.167165
            }
        },
        "0002": {
            "cfl": 23.605022764451178,
            "dt": 10.000100135803223,
            "density": {
                "cells": 5625,
                "sum": 158.810826,
                "min": 0.0,
                "max": 1.0,
                "mean": 0.028233,
                "std": 0.156271,
                "fluidCells": 4825,
                "sumFluid": 158.810826,
                "minFluid": 0.0,
                "maxFluid": 1.0,
                "meanFluid": 0.032914,
                "stdFluid": 0.168273
            },
            "fixed_volume": {
                "cells": 5625,
                "sum": 138.000004,
                "min": 0.0,
                "max": 1.0,
                "mean": 0.024533,
                "std": 0.142903,
                "fluidCells": 4825,
                "sumFluid": 138.000004,
                "minFluid": 0.0,
                "maxFluid": 1.0,
                "meanFluid": 0.028601,
                "stdFluid": 0.153918
            },
            "vel_magnitude": {
                "cells": 5625,
                "sum": 923.014805,
                "min": 0.0,
                "max": 2.360479,
                "mean": 0.164092,
                "std": 0.270975,
                "fluidCells": 4825,
                "sumFluid": 923.014805,
                "minFluid": 0.00021,
                "maxFluid": 2.360479,
                "meanFluid": 0.191298,
                "stdFluid": 0.283544
            }
        },
        "0003": {
            "cfl": 25.5485851835806,
            "dt": 10.000100135803223,
            "density": {
                "cells": 5625,
                "sum": 254.348192,
                "min": 0.0,
                "max": 1.0,
                "mean": 0.045217,
                "std": 0.192747,
                "fluidCells": 4825,
                "sumFluid": 254.348192,
                "minFluid": 0.0,
                "maxFluid": 1.0,
                "meanFluid": 0.052715,
                "stdFluid": 0.207162
            },
            "fixed_volume": {
                "cells": 5625,
                "sum": 138.000003,
                "min": 0.0,
                "max": 1.0,
                "mean": 0.024533,
                "std": 0.132825,
                "fluidCells": 4825,
                "sumFluid": 138.000003,
                "minFluid": 0.0,
                "maxFluid": 1.0,
                "meanFluid": 0.028601,
                "stdFluid": 0.143008
            },
            "vel_magnitude": {
                "cells": 5625,
                "sum": 1503.552717,
                "min": 0.0,
                "max": 2.554833,
                "mean": 0.267298,
                "std": 0.378409,
                "fluidCells": 4825,
                "sumFluid": 1503.552717,
                "minFluid": 0.000458,
                "maxFluid": 2.554833,
                "meanFluid": 0.311617,
                "stdFluid": 0.391312
            }
        },
        "0004": {
            "cfl": 31.571284766359895,
            "dt": 10.000100135803223,
            "density": {
                "cells": 5625,
                "sum": 341.579581,
                "min": 0.0,
                "max": 1.0,
                "mean": 0.060725,
                "std": 0.216439,
                "fluidCells": 4825,
                "sumFluid": 341.579581,
                "minFluid": 0.0,
                "maxFluid": 1.0,
                "meanFluid": 0.070794,
                "stdFluid": 0.232164
            },
            "fixed_volume": {
                "cells": 5625,
                "sum": 138.000001,
                "min": 0.0,
                "max": 1.0,
                "mean": 0.024533,
                "std": 0.118863,
                "fluidCells": 4825,
                "sumFluid": 138.000001,
                "minFluid": 0.0,
                "maxFluid": 1.0,
                "meanFluid": 0.028601,
                "stdFluid": 0.127885
            },
            "vel_magnitude": {
                "cells": 5625,
                "sum": 2067.021414,
                "min": 0.0,
                "max": 3.157097,
                "mean": 0.36747,
                "std": 0.446349,
                "fluidCells": 4825,
                "sumFluid": 2067.021414,
                "minFluid": 0.000464,
                "maxFluid": 3.157097,
                "meanFluid": 0.428398,
                "stdFluid": 0.454047
            }
        },
        "0005": {
            "cfl": 33.54714130540515,
            "dt": 10.000100135803223,
            "density": {
                "cells": 5625,
                "sum": 428.581453,
                "min": 0.0,
                "max": 1.0,
                "mean": 0.076192,
                "std": 0.230339,
                "fluidCells": 4825,
                "sumFluid": 428.581453,
                "minFluid": 0.0,
                "maxFluid": 1.0,