{
    "not conserving, linear interpolation": {
        "1 - 5": {
            "advection_average": 60.54,
            "pressure_average": 11.5444,
            "other_average": 0.8606
        },
        "6 - 10": {
            "advection_average": 92.94340000000001,
            "pressure_average": 11.9142,
            "other_average": 0.339
        },
        "11 - 15": {
            "advection_average": 124.4422,
            "pressure_average": 12.211400000000001,
            "other_average": 0.24500000000000002
        },
        "16 - 20": {
            "advection_average": 116.01199999999999,
            "pressure_average": 12.2574,
            "other_average": 0.2072
        },
        "21 - 25": {
            "advection_average": 141.5612,
            "pressure_average": 12.1786,
            "other_average": 0.2004
        },
        "26 - 30": {
            "advection_average": 138.3138,
            "pressure_average": 12.783199999999999,
            "other_average": 0.21080000000000002
        },
        "31 - 35": {
            "advection_average": 138.1192,
            "pressure_average": 12.785999999999998,
            "other_average": 0.2566
        },
        "36 - 40": {
            "advection_average": 109.65799999999999,
            "pressure_average": 12.330200000000001,
            "other_average": 0.2032
        }
    },
    "not conserving, cubic interpolation": {
        "1 - 5": {
            "advection_average": 74.4644,
            "pressure_average": 11.0006,
            "other_average": 0.6609999999999999
        },
        "6 - 10": {
            "advection_average": 112.405,
            "pressure_average": 11.221599999999999,
            "other_average": 0.33380000000000004
        },
        "11 - 15": {
            "advection_average": 144.39339999999999,
            "pressure_average": 11.740200000000002,
            "other_average": 0.29400000000000004
        },
        "16 - 20": {
            "advection_average": 136.6078,
            "pressure_average": 11.6884,
            "other_average": 0.19619999999999999
        },
        "21 - 25": {
            "advection_average": 161.059,
            "pressure_average": 11.201000000000002,
            "other_average": 0.246
        },
        "26 - 30": {
            "advection_average": 157.883,
            "pressure_average": 11.7566,
            "other_average": 0.2028
        },
        "31 - 35": {
            "advection_average": 152.32,
            "pressure_average": 11.2542,
            "other_average": 0.24500000000000002
        },
        "36 - 40": {
            "advection_average": 129.76299999999998,
            "pressure_average": 11.013200000000001,
            "other_average": 0.1992
        }
    },
    "conserving, linear interpolation": {
        "1 - 5": {
            "advection_average": 110.1736,
            "pressure_average": 10.482800000000001,
            "other_average": 0.8615999999999999
        },
        "6 - 10": {
            "advection_average": 173.791,
            "pressure_average": 11.292,
            "other_average": 0.33599999999999997
        },
        "11 - 15": {
            "advection_average": 228.83779999999996,
            "pressure_average": 11.58,
            "other_average": 0.2932
        },
        "16 - 20": {
            "advection_average": 212.92960000000002,
            "pressure_average": 11.7868,
            "other_average": 0.199
        },
        "21 - 25": {
            "advection_average": 259.17719999999997,
            "pressure_average": 11.596,
            "other_average": 0.24559999999999998
        },
        "26 - 30": {
            "advection_average": 239.75279999999998,
            "pressure_average": 11.3346,
            "other_average": 0.20059999999999997
        },
        "31 - 35": {
            "advection_average": 247.31780000000003,
            "pressure_average": 10.972800000000001,
            "other_average": 0.2512
        },
        "36 - 40": {
            "advection_average": 204.0918,
            "pressure_average": 11.084799999999998,
            "other_average": 0.20659999999999998
        }
    },
    "conserving, cubic interpolation": {
        "1 - 5": {
            "advection_average": 280.78499999999997,
            "pressure_average": 10.3264,
            "other_average": 0.8852
        },
        "6 - 10": {
            "advection_average": 526.0982,
            "pressure_average": 11.2598,
            "other_average": 0.3376
        },
        "11 - 15": {
            "advection_average": 608.9664,
            "pressure_average": 11.500000000000002,
            "other_average": 0.2872
        },
        "16 - 20": {
            "advection_average": 608.3120000000001,
            "pressure_average": 11.571800000000001,
            "other_average": 0.19619999999999999
        },
        "21 - 25": {
            "advection_average": 688.3102000000001,
            "pressure_average": 11.5756,
            "other_average": 0.24159999999999998
        },
        "26 - 30": {
            "advection_average": 689.375,
            "pressure_average": 10.9446,
            "other_average": 0.19880000000000003
        },
        "31 - 35": {
            "advection_average": 673.074,
            "pressure_average": 10.9224,
            "other_average": 0.2528
        },
        "36 - 40": {
            "advection_average": 606.6356,
            "pressure_average": 10.8184,
            "other_average": 0.207
        }
    }
}